{
    "mAP50": 0.8882979700226852,
    "mAP50_95": 0.7340358452254725,
    "mean_precision": 0.8176835575897209,
    "mean_recall": 0.751453488372093,
    "per_class_mAP50_95": [
        0.7505557879644338,
        0.7175159024865115
    ]
}